pre_type,f1 score
chroma_imgs,0.021566901408450703
mfcc_imgs,0.021566901408450703
mel_spectrogram_imgs,0.01872783687943262
spec_imgs,0.01872783687943262
stft_imgs,0.01872783687943262
