pre_type,f1 score
chroma_imgs,0.2935309854195724
mfcc_imgs,0.41612272659821153
mel_spectrogram_imgs,0.39993980394671086
spec_imgs,0.4562530248033878
stft_imgs,0.29693444698715327
