pre_type,f1 score
chroma_imgs,0.01607142857142857
mfcc_imgs,0.07109374999999998
mel_spectrogram_imgs,0.01607142857142857
spec_imgs,0.13082559681697611
stft_imgs,0.011322463768115942
