pre_type,f1 score
chroma_imgs,0.28310023534296164
mfcc_imgs,0.2980894200153711
mel_spectrogram_imgs,0.4042738083653643
spec_imgs,0.3780930091413962
stft_imgs,0.021566901408450703
